Country_ISO,Control of Corruption: Estimate - WDI,FI_FSI_FSANL - Non-performing loans to total gross loans (%) - Goal 10 - Reporting Type: G - Observation Status: A - Units: PERCENT - Nature: C - SDG,FI_FSI_FSERA - Return on assets (%) - Goal 10 - Reporting Type: G - Observation Status: A - Units: PERCENT - Nature: C - SDG,FI_FSI_FSKA - Regulatory capital to assets (%) - Goal 10 - Reporting Type: G - Observation Status: A - Units: PERCENT - Nature: C - SDG,FI_FSI_FSKRTC - Regulatory Tier 1 capital to risk-weighted assets (%) - Goal 10 - Reporting Type: G - Observation Status: A - Units: PERCENT - Nature: C - SDG,GC_GOB_TAXD - Proportion of domestic budget funded by domestic taxes (%) - Goal 17 - Reporting Type: G - Observation Status: A - Units: PERCENT - Nature: C - SDG,Government Effectiveness: Estimate - WDI,High-technology exports (% of manufactured exports) - WDI,ICT goods exports (% of total goods exports) - WDI,ICT goods imports (% total goods imports) - WDI,"ICT service exports (% of service exports, BoP) - WDI",Logistics performance index: Ability to track and trace consignments (1=low to 5=high) - WDI,Logistics performance index: Efficiency of customs clearance process (1=low to 5=high) - WDI,Lower secondary school starting age (years) - WDI,Medium and high-tech exports (% manufactured exports) - WDI,Medium and high-tech manufacturing value added (% manufacturing value added) - WDI,Merchandise exports to high-income economies (% of total merchandise exports) - WDI,Merchandise exports to low- and middle-income economies in East Asia & Pacific (% of total merchandise exports) - WDI,Merchandise imports from high-income economies (% of total merchandise imports) - WDI,"Primary education, duration (years) - WDI",Primary school starting age (years) - WDI,Regulatory Quality: Estimate - WDI,Rule of Law: Estimate - WDI,"Services, value added (% of GDP) - WDI","Services, value added per worker (constant 2015 US$) - WDI",Statistical performance indicators (SPI): Pillar 1 data use score (scale 0-100) - WDI,Statistical performance indicators (SPI): Pillar 3 data products score  (scale 0-100) - WDI,Voice and Accountability: Estimate - WDI
AFG,-1.43037283420563,7.30144818922034,3.042076691818114,12.989374987459565,18.53010963565597,11.4832428883936,-1.37553513050079,0.0,0.0,0.15,6.72742833341948,2.1,2.33,13.0,0.0,9.04540630889217,1.07472570991571,1.56851347745908,28.6629251551235,6.000000000000001,7.0,-1.19257974624634,-1.6518931388855,50.5793979236606,3953.47593231936,30.0,49.16875,-1.26743006706238
AGO,-1.30240142345428,4.35011884491608,2.1272924209715702,9.55151655888075,15.0099330109978,49.0409375875333,-0.9889454245567321,4.535169034702128,0.0,3.7999999999999994,4.25725685925459,2.0,2.33,12.0,0.0,3.26544047447621,36.3630615066179,48.49154647926239,65.4790345640522,6.000000000000001,6.0,-0.990437567234039,-1.30477690696716,38.1528946330169,10682.013465569999,40.0,68.15,-1.07624673843384
ALB,-0.778729438781738,21.194987679205497,0.4452302326846597,7.9299126269953195,14.6319385088039,63.63327324232499,-0.26892501115799,0.922637018907313,0.39,2.97,6.4153570442262,2.65,2.43,11.0,14.6909538260186,17.0950463301496,80.2768590060988,2.87508832320021,73.5723064604358,5.0,6.0,0.2404919862747192,-0.519839763641357,43.5059236088597,11248.569361440499,60.0,70.53125,0.022064037621021385
AND,1.26053082942963,10.170556875883898,-0.555927574646863,7.252919635106606,15.08939811112667,57.05760257604396,1.5233460664749103,20.6476573542829,22.8,7.36,8.14995737429318,3.502687663477523,3.343438830124398,12.0,68.64869568378842,42.74910676588342,98.1556926159248,0.3302908878269569,99.6315270995627,6.000000000000001,6.0,1.5618600845336899,1.4011877775192303,76.8249491306888,62379.39491724205,40.0,23.45625,1.4338376522064202
ARE,1.1557362079620397,7.12965175228017,1.50171644993262,12.993306020068,16.6038834431698,91.1503789681781,1.1628236770629903,3.7666599932312805,7.49,10.99,8.161179950908188,3.81,3.61,11.0,27.551265210175,37.7825506911788,50.3810262296368,12.6629042539638,50.755452763468796,5.0,6.0,0.6709921360015869,0.5343596339225771,44.015877615363,58351.97643565059,40.0,32.85,-1.00081920623779
ARG,-0.44590920209884605,1.53673589612636,4.349869027694331,7.2475325307913,11.9419657372297,64.46500723128074,-0.206967011094093,6.63636695569979,0.11,8.31,12.3128038476995,3.3,2.45,12.0,46.721011315129694,26.269553766795198,40.8593647193357,12.116389445749098,46.0635131581908,6.000000000000001,6.0,-0.8976867794990541,-0.6230342388153078,53.6581179163924,26325.9354069191,60.0,76.4,0.2952099144458772
ARM,-0.5880014896392819,3.66922217057882,2.4737165661434104,13.5296315420868,15.1991921937308,70.2392977811835,-0.03238662332296376,2.85090173545628,1.26,3.69,6.971273010205651,2.57,2.27,10.0,16.8857682485427,4.50953273200374,79.3471479713114,2.44760307016514,64.3473775237698,4.0,6.0,0.334273397922516,-0.418281972408295,45.6989324054448,8023.835597367819,60.0,63.68125,-0.5704914331436161
ATG,1.26053082942963,8.483912362398522,1.6428722656188193,7.102882740913922,16.849999715499766,87.5450659180295,0.48122963309287997,16.714015548638628,11.61,3.5200000000000005,0.9687231768873639,2.8991360803724215,2.8616782683677706,12.0,34.59974671202188,17.942716856108017,94.6021110222033,1.06682928666375,80.6173385121123,7.0,5.0,0.5992722511291497,0.9457190036773679,72.675906501627,41641.97597369048,0.0,55.6,0.6400569677352907
AUS,1.9775072336196897,1.70189150824109,1.2286208551485698,4.75557889210946,10.618083360744,70.9639709958857,1.61314845085144,17.2855553325245,0.88,8.89,3.7150279694896295,3.79,3.6,12.0,19.6446447771602,27.9457482175955,52.61094450691791,38.6665225391274,60.3445216183815,7.0,5.0,1.7788971662521402,1.7597795724868799,65.156327929036,98364.0806288246,60.0,64.3375,1.4991903305053702
AUT,1.42725443840027,2.8133647663054506,0.43730727344330494,7.7701136425421,12.939180401182199,54.0433339480332,1.56018972396851,14.5446789024689,3.89,5.14,8.66027089352987,3.97,3.7700000000000005,10.0,61.0582606984716,44.6419662370848,89.6190417314573,3.06662162726239,90.0671675893437,4.0,6.0,1.51716470718384,1.8571237325668297,61.3539590600962,80709.2819667894,60.0,63.2125,1.4487730264663699
AZE,-1.14269411563873,8.319147242116873,1.8572385933255384,9.496238581949886,14.253003703872194,36.0722846001708,-0.7907634377479551,8.55945903006787,0.0,3.31,1.9831581801817701,2.7500000000000004,1.92,10.0,14.733416833017397,8.46615068317652,70.2829430572033,11.1913705047732,59.403260999936,4.0,6.0,-0.48871681094169606,-0.879532694816589,29.522301196302,8397.74632523287,40.0,60.5,-1.29948163032532
BDI,-1.46860635280609,8.16828544058576,3.58508107769375,14.2722721746241,18.0134473908685,47.6141683183101,-1.30940592288971,2.2547739534150857,0.15,1.94,5.80713504700309,1.67,1.67,13.0,25.419361179690302,2.2083390259958,64.2023366229868,5.91382393492805,47.4468049201022,6.000000000000001,7.0,-0.9529415369033811,-1.08392977714539,42.0859556112354,2556.21294212877,30.0,48.65625,-0.894518375396729
BEL,1.5591104030609102,3.7978865716364694,0.23939448911529385,5.33174062036665,15.851494169229397,54.6951593385738,1.67117416858673,8.9420007987591,1.73,3.2000000000000006,8.513259992001,4.05,3.85,12.0,49.62763505099869,47.3801861001113,87.2561547156069,2.9962355320126894,87.1583902999405,6.000000000000001,6.0,1.2221703529357897,1.44880962371826,68.6739965906651,87982.4237672248,60.0,53.21875,1.3494218587875402
BEN,-0.857918381690979,6.847451981910445,2.672957183091516,9.464836459306886,14.942487607043203,94.3467767315501,-0.5267465114593509,5.675929229863749,0.01,1.48,11.6140471406795,2.8700000000000006,2.59,12.0,13.711108083825904,15.15785889476916,8.6475888107853,35.2908824183263,49.287179390942605,6.000000000000001,6.0,-0.40126171708107006,-0.574936270713806,48.8721211959796,3019.69258883108,30.0,55.1125,0.12448547035455712
BFA,-0.4824466407299041,7.250872257114137,2.7961720415534197,8.357909265863322,16.23575310542485,61.274792036832,-0.632368385791779,8.62483762166537,0.05,2.6,19.3574364488635,2.13,2.12,12.0,17.49036773221441,6.702870233222447,77.2946436621938,3.65091363652699,48.8612264780894,6.000000000000001,6.0,-0.1390838474035262,-0.4258551001548771,40.3188210511278,2431.32247806235,20.0,68.9125,-0.30497083067893993
BGD,-0.85661906003952,6.72327958982541,1.77198838711328,6.18702858460746,8.13029381069804,77.64359685572438,-0.807726144790649,0.463362848345637,0.05,3.03,15.2851808324725,2.467359545286301,2.2342294213280915,11.0,2.13006894278896,9.17211665981447,88.5148678592686,2.85628020151087,41.2353040511014,5.0,6.0,-0.9594725370407101,-0.936167359352112,53.1515772385279,4599.97202868092,50.0,62.34375,-0.40194067358970603
BGR,-0.281460791826248,16.6263209293069,0.6614178275369826,10.0960726886888,15.134781947433101,55.9350344700677,-0.028386928141117065,8.04755392750563,1.9599999999999997,6.199999999999999,10.0848318766789,3.1600000000000006,2.97,11.0,34.6737181167282,29.2709585747076,73.3795878902842,3.4220580565834795,83.3301815451865,4.0,7.0,0.574710845947266,-0.11505135893821686,57.1818718497871,15833.6439078475,60.0,64.1875,0.4009155929088592
BHR,0.36653020977973905,6.151605840968084,1.1597536631233911,10.10939781183269,17.19966045102413,4.196013832889439,0.5238789916038512,0.386615906965764,1.44,4.61,7.67634854771785,3.42,2.67,12.0,7.4318938142806905,18.8050104316078,72.4816906912545,8.26194980128289,66.1158783655926,6.000000000000001,6.0,0.6841595768928531,0.2536501586437229,52.4449503421466,40042.5689978359,30.0,37.4375,-1.31802463531494
BHS,1.31606793403625,10.784143699515722,-0.06603190811898356,8.874818585751566,16.267832958667327,65.6582051868545,0.9832629561424261,0.0,0.23,3.8900000000000006,8.137267972530873,2.65,2.69,11.0,66.9355434998241,27.7735162197785,91.5580071267786,0.505326436422569,96.5556725816553,6.000000000000001,5.0,0.39034968614578197,0.61443954706192,76.9411589119809,56024.1028677465,40.0,35.5375,0.9345738887786872
BIH,-0.30936405062675504,13.4656882284517,0.716342472767243,10.9337490886953,14.0625922301138,50.3730458962811,-0.45469123125076283,2.61783206345175,0.19,2.68,8.32270285984453,2.81,2.6500000000000004,11.0,22.7673426720664,18.0339419757199,78.4773293701001,0.136594356917252,75.9133672878927,5.0,6.0,-0.061737764626741624,-0.19717828929424314,56.786159453284306,15863.4991773737,60.0,58.20625,-0.10032539069652606
BLR,-0.4585193693637851,5.50187400609008,2.20746096323932,10.9835385205433,16.1713027087024,63.1366248509796,-0.9722183346748351,2.83746780265434,0.63,2.44,9.40274351440109,2.5800000000000005,2.24,10.0,40.6055928297144,43.25611940494969,75.9338579467704,2.2606353916401,84.5549489332885,4.0,6.0,-1.17406153678894,-0.9230385422706598,43.2927264636013,9817.03729738829,50.0,53.0875,-1.56718134880066
BLZ,-0.030974894762039303,7.968936239135157,1.8252381006481138,8.459884190823615,14.88118854079145,83.5792740538113,-0.16508540511131306,0.0,0.030000000000000002,3.7199999999999998,3.13737516970529,2.6528998518024394,2.4950705218976315,11.0,0.400379553023544,18.4598161678058,84.3989951457318,1.76113544304743,58.7924992088555,6.000000000000001,5.0,-0.4368509352207181,-0.435866832733154,61.80583161870621,14911.0892360555,40.0,63.68125,0.6952772736549377
BOL,-0.727891862392426,1.4535997717387799,2.0352646714106695,7.677174222062319,12.514339625283899,68.31134502304715,-0.35996785759925803,9.22349652906557,0.030000000000000002,3.43,8.07368824781983,2.7299999999999995,2.4,12.0,3.94856568791413,9.62230186941864,34.3506859427759,2.74992384551244,34.0915828320269,6.000000000000001,6.0,-0.832377791404724,-1.01876401901245,40.4434919386356,5410.86235584232,60.0,75.34375,-0.08158529549837115
BRA,-0.04685423150658603,3.4468233926282705,1.4104900470117208,10.1489827569519,11.9342432418603,56.3967140105624,-0.1605486720800401,11.8872212915256,0.55,8.69,1.9156597531206203,3.42,2.51,11.0,38.0413640406292,35.3398062600989,51.7073736914747,20.5754566608184,56.7730420614044,5.0,6.0,0.1732440888881681,-0.07693279534578333,58.7336025082152,18703.5170918351,50.0,79.74375,0.47790619730949385
BRB,1.6482877731323198,8.249059575234002,0.39768256442957767,7.8770105165639315,14.817254650763445,68.7783494490999,1.4543833732604998,6.836258255114327,0.76,4.43,1.4115937406983,3.3241121472552067,3.2192887461207667,11.0,41.7464016637333,38.110802973636005,79.8225252258095,1.8840612854383199,80.9725546548865,6.000000000000001,5.0,0.44869944453239397,1.0257173776626598,75.175520051376,42916.5838263951,40.0,62.6875,1.13297867774963
BRN,0.5386325716972351,5.37615761868223,0.6163535370748,6.79352283087439,18.0048289465346,44.237455244205705,0.837668597698212,13.792835571792102,0.28,4.12,8.170419424142356,2.7867345778622568,2.783677166456343,12.0,82.7960341148309,3.3199324560496404,75.5107558130046,15.5757620848087,58.066461186655,6.000000000000001,6.0,1.1455000638961799,0.787489593029022,28.2803646984425,32329.9064852863,30.0,35.8,-0.5063740611076352
BTN,0.9539472460746768,5.45153266771976,3.29114677119521,14.5101085239045,19.3739661074973,41.5763549824716,0.5426936149597172,0.0230326501174942,0.0,2.38,1.180194433163,2.56,2.29,13.0,13.134924778086825,11.88504151788299,1.7280285944849403,0.0762586712586095,14.377543762424802,7.0,6.0,-1.09300851821899,0.26095372438430775,42.3928113368956,7800.07560631409,60.0,69.4,-0.28092005848884594
BWA,0.9065153598785403,2.62060809323672,3.9519204810026203,7.060784105666869,12.337859259749099,73.8856915257448,0.42231512069702093,4.580544269967718,0.13,1.8200000000000003,1.04760409192025,2.7299999999999995,2.82,13.0,5.51666510945405,28.108574013489,78.7920374404005,1.5068488743167703,22.7573990562404,7.0,6.0,0.692556440830231,0.594521701335907,55.5813284118705,14631.6238663883,40.0,58.05625,0.5329697132110599
CAF,-1.0055319070816,9.58298323972936,4.1203972780998095,14.1280772011506,21.4687548698769,53.95956290932891,-1.4532098770141602,1.41330699942136,0.0,7.040000000000001,8.15436410143661,2.001374162442625,1.8724377206887137,12.0,23.591335134435504,9.2459911293074,76.3442663583839,13.8874193750385,55.73459404329271,6.000000000000001,6.0,-1.07314610481262,-1.43880379199982,30.8711017267223,2193.91415971443,20.0,47.7625,-1.24113500118256
CAN,1.91890442371368,0.6511528911864389,1.0773840301829596,4.61982973068852,13.4267331114375,65.1237490037497,1.75697004795074,15.618692849224402,2.27,7.319999999999999,11.3219819190981,3.86,3.5799999999999996,12.0,56.9911879976089,37.238680760567,90.1091734544129,5.18937084682011,72.0399088897776,6.000000000000001,6.0,1.7071946859359697,1.7564212083816504,65.1632411251064,70564.0432725194,60.0,51.34375,1.4375053644180298
CHE,2.13839817047119,0.76405025144117,0.05415660880910724,5.69553089905305,15.675100109495798,61.9109240040554,1.88282430171967,26.0587678960902,1.0450501752,3.654112254,10.0478691857529,3.83,3.88,13.0,70.8670977104328,62.71192472303309,78.2033819455062,5.97153884091853,82.7854657005828,6.000000000000001,7.0,1.6510661840438796,1.81180202960968,71.4871665189024,141710.765571983,60.0,60.05,1.6401220560073897
CHL,1.5435912609100297,2.06521444417698,1.4530510637897105,7.939927379900809,10.039188586293,88.3405617550401,1.1784435510635403,5.4362793557559,0.42,7.099999999999999,3.5052346526527005,3.22,3.1099999999999994,12.0,12.2266749078828,11.4370872898651,53.5045682914687,24.9927663119456,50.990961627184404,6.000000000000001,6.0,1.5361981391906703,1.28765678405762,56.29821325322871,24048.768191281,60.0,71.53125,1.0769451856613201
CHN,-0.43827593326568604,0.953674330051852,1.2835989290142702,8.602993972855916,10.6189535371452,70.4888696609769,0.015367764048278412,30.8618085179503,27.06,19.56,8.05993843655599,3.52,3.25,12.0,58.4439359803988,41.4512685203049,75.5722944929562,8.297125322993,70.6536188508644,6.000000000000001,6.0,-0.28433284163474987,-0.5453844666481019,46.3528742639869,17060.1959748025,50.0,53.05625,-1.63794147968292
CIV,-0.838509380817413,4.4684588415628355,2.978938999601905,8.680757828915839,14.991008849314728,72.6118009901792,-1.10815095901489,8.97049962615032,0.060000000000000005,2.48,8.80467000232171,2.69,2.31,12.0,15.5846319857674,14.989795857178,52.3258196202867,5.94546728570894,36.788138698297,6.000000000000001,6.0,-0.776178419589996,-1.09417271614075,39.6867369938255,7054.28374957299,30.0,67.5125,-0.777749955654144
CMR,-1.27243947982788,11.5528007091671,1.6268692305893298,2.67567253552322,5.74930094228698,63.8374686635241,-0.9054747819900512,10.546530229655437,0.02,2.71,5.8928900111761,2.55,2.37,12.0,14.2644952394496,7.61195832912182,60.5410488591883,17.993761227007,45.3217817662235,6.000000000000001,6.0,-0.931122064590454,-1.04293036460876,50.7616920668838,4641.29982458839,40.0,63.575,-1.02158093452454
COD,-1.32971084117889,8.609577774624304,3.4331894797925817,10.737333347211765,16.05204168698187,48.517373567271,-1.6435866355895998,0.0,0.0,0.37133112916657524,15.475948870347102,2.35,2.1,12.0,3.5887850329765,6.957063065340654,12.400629618734998,10.086869712348,37.5882408426215,6.000000000000001,6.0,-1.4796302318573,-1.66291427612305,39.5487534325728,1932.67679984244,30.0,48.93125,-1.48108160495758
COG,-1.22975122928619,1.51931505916018,1.9319399649705207,4.2541625248509,11.8499610625595,25.5327519437732,-1.17489755153656,17.42499527026872,0.07,0.67,8.18281704801744,2.35,1.8,12.0,86.7198202419112,2.41531841479683,54.5452241575575,24.7679132239404,32.2292616462431,6.000000000000001,6.0,-1.35431361198425,-1.14205086231232,26.9856799806227,6922.87086867227,50.0,51.25625,-1.15513336658478
COL,-0.4222983419895171,2.758458591123,2.67662002571983,10.4630169388251,13.7369381478212,64.4253213493433,-0.0011649925727396384,5.6774289147471,0.12000000000000001,8.97,8.34506289071306,2.66,2.6500000000000004,11.0,34.1601975554552,21.3510092534315,70.6906293319501,6.29958652476278,52.4045543714612,5.0,6.0,0.32659468054771396,-0.32591912150383,51.9873009585796,11096.6560321798,60.0,76.36875,-0.06399134546518309
COM,-0.781551659107208,19.7833135448908,-0.903626235688098,10.7283277755772,22.7501885938738,53.67259367734444,-1.6018477678298997,3.9099743904137347,0.08,3.94,22.2269673201836,2.2,2.0,12.0,16.713329218820235,9.01690528262792,70.5318700684997,3.93623704237731,55.0723028764599,6.000000000000001,6.0,-1.38660228252411,-1.07892954349518,54.0415867747774,7141.99914204738,0.0,56.61875,-0.46614885330200195
CPV,0.8856803178787231,9.80063323937587,1.3239202815075573,9.30147525096689,16.826629559719127,44.810218583097694,0.05345575511455519,0.0,0.17,3.6699999999999995,4.0742914477743,2.9038869126679048,2.674297222185229,12.0,0.798492657138371,27.1,88.9827350752116,0.216736310075602,86.9767356125308,6.000000000000001,6.0,0.01971620880067367,0.514070093631744,68.6678487003577,9915.746071723499,40.0,61.8375,0.938719630241394
CRI,0.5707536935806269,1.74515621736086,2.04693596220498,8.34838786391355,13.1863913118328,48.6437995747373,0.4743990600109099,39.7898301713494,19.45,18.31,11.1394239297002,2.81,2.4699999999999998,12.0,59.5804574794991,21.8748590723066,72.0410510026004,5.03557730582212,71.6103912255401,6.000000000000001,6.0,0.7436310648918149,0.5289114713668819,64.286092711917,23176.0549286749,60.0,75.32499999999999,1.08821976184845
CUB,0.228043004870415,8.366643198435485,1.275947512461855,10.94183375967086,16.89353822544335,62.55004918097896,-0.37664559483528104,14.203170846389584,7.202679323492469,6.64949518251496,8.152219714287167,2.26,2.18,12.0,63.4252817474909,16.22284767909,71.5201947767511,11.9408783172509,42.9851831184087,6.000000000000001,6.0,-1.5611596107482897,-0.7086325883865361,71.6574834907918,19174.6981729912,40.0,45.10625,-1.51460742950439
CYP,1.2433023452758798,18.3749456234796,-3.72334587339575,3.79657259931127,6.2808040084072,56.416506203232,1.3836010694503798,16.5914967808238,3.48,4.11,9.46213321341693,3.3599999999999994,3.0199999999999996,12.0,50.921782012564,15.5136777990791,78.5985149289766,4.59491648771666,88.3768472923368,6.000000000000001,6.0,1.1245450973510698,1.09355938434601,74.948228738595,36783.3360096764,60.0,55.31875,1.0220235586166397
CZE,0.31017965078353893,5.35167967265287,1.6404626493738397,6.846007511362109,15.164638441503502,44.7356519052821,0.9217185974121092,18.5892063440962,14.53,14.73,10.4101570505719,3.17,2.95,11.0,67.6178549431803,46.7166953933612,92.7175491069851,1.4831178735020902,88.2302727204447,5.0,6.0,1.0530338287353502,1.0226016044616697,55.16714557596111,33224.1758688826,60.0,53.14375,0.970379710197449
DEU,1.81763017177582,5.731476872514458,0.3160440866777551,6.48017451413932,11.193174385397642,51.9433711395949,1.53097581863403,17.2272861923698,4.51,7.839999999999999,9.65342295806251,4.05,3.8700000000000006,10.0,72.439758562391,59.1813279865569,82.7613048947126,7.651742215936121,83.46513384737,4.0,6.0,1.52908289432526,1.6692320108413703,61.820110885656305,73878.491628081,60.0,50.43125,1.3937380313873302
DJI,-0.470184713602066,11.534366452488403,1.7259171827948807,3.84065495492612,9.47103276518641,55.97761632247091,-1.08161604404449,3.8623357722839105,0.0,0.15,2.87438252163246,1.73,1.72,11.0,8.197174531043407,0.259529188603816,11.9647206350535,0.048202452082746,47.37154949978701,5.0,6.0,-0.4563136994838711,-0.803623497486115,42.56802701594319,2666.793315038418,0.0,52.86875,-1.43404412269592
DMA,0.6957089900970459,6.78660267020669,1.2352222525198264,8.11645305278848,16.47416614791425,62.6898058854002,0.7509350776672359,9.00607409482736,7.77,4.31,1.91336358880055,2.95118672364964,2.8602995498707195,12.0,35.28768282684116,24.09588194029211,60.061737073059,0.945938005698204,81.2436891211949,7.0,5.0,0.29865676164627114,0.6991367936134341,58.3212333447216,36945.01430454049,20.0,51.7625,0.9465900063514708
DNK,2.3824622631073,3.5257700679197694,0.09356800892916489,4.63344949013399,22.0714780045997,78.5123929316447,1.98699104785919,15.826335095060998,3.28,8.07,4.3958472948474,4.1,3.93,13.0,52.06558929080519,51.9817841536187,90.4023374822411,3.66163281507856,86.268446900019,7.0,6.0,1.7991613149642898,1.87506687641144,64.867511994022,91685.212799716,60.0,49.35625,1.6741142272949199
DOM,-0.897264659404755,3.4548601140250605,1.32820595612508,9.52459619325938,16.4437948681094,62.0346844429613,-0.538394749164581,3.2006582356273396,0.92,3.3499999999999996,3.7328990228013006,2.49,2.53,12.0,36.91104718006386,18.795760184182527,67.4375173875654,5.13973930484534,63.646212114089806,6.000000000000001,6.0,-0.061866112053394075,-0.716865837574005,61.2165323555741,13504.9384628672,60.0,54.96875,0.12459219992160799
DZA,-0.521544516086578,11.7263814541696,-3.06646112474302,7.969483111637601,17.4756066451586,48.09116137660561,-0.447385340929031,0.343094841041672,0.0,4.03,6.80754641980473,2.46,2.26,11.0,0.546270680484515,1.38766031161445,80.6664263133693,4.14501694310658,68.0185301095399,5.0,6.0,-1.32038903236389,-0.8126177191734311,44.9114940485958,13605.668393234098,40.0,53.10625,-0.9060266017913821
ECU,-0.508597850799561,3.69366388156466,1.8871825665623,11.9382231731097,16.2044297132305,61.592488523573024,-0.47428467869758606,2.9332060230149,0.07,6.43,7.947595158737011,2.5800000000000005,2.36,12.0,21.0410901620326,8.32195630729912,74.8713846780001,2.47856184739575,60.102591425423995,6.000000000000001,6.0,-0.9435924291610721,-1.06392514705658,51.742214810209,13525.724606316,60.0,74.13125,-0.2961141169071199
EGY,-0.579664349555969,6.317319511767295,1.8234447634812931,9.99265997057986,15.0638180552486,40.162890039541196,-0.6818782091140749,0.616321015158555,0.24000000000000002,3.43,4.97868313210945,2.86,2.6,12.0,30.560217333707904,20.5341617192788,54.6347055622255,3.75354050772303,61.450156198628,6.000000000000001,6.0,-0.38559177517890914,-0.5363998413085941,51.771621185884,12549.2839892371,60.0,72.18125,-0.765063405036926
ERI,-0.778626441955566,11.225514385982688,2.276682692879293,12.110506762934905,20.74943355375618,46.473108727219675,-1.51251459121704,0.0,0.0,0.8078415978025278,8.17729393921299,1.83,1.78,12.0,14.6746799859189,8.94986669011316,93.743434806387,0.36528907554875295,62.0851809409485,5.0,7.0,-2.20411825180054,-1.42542839050293,36.49580140738005,1406.0555044459,20.0,41.3375,-2.20876717567444
ESP,1.1704063415527302,5.71026349860104,-0.9336361246264449,4.53505751255773,9.89781095038296,42.2364043047729,1.0571621656417798,7.25080663420199,1.27,4.57,8.17791897317219,3.67,3.4000000000000004,12.0,53.9073728875134,35.9503612184045,81.1717696744678,2.49913770906276,69.8799781698088,6.000000000000001,6.0,0.9471549391746519,1.0377982854843102,68.7981435648343,59227.8627515743,60.0,58.625,1.06417882442474
EST,1.08829832077026,2.62266859406297,1.9013470419933605,9.04806163615419,19.2824247000038,52.8144353765122,0.9459220767021179,20.5676117029777,10.9,10.54,8.43947790099554,3.0,2.51,13.0,44.5785289886596,26.9437860927876,90.4437571629033,0.9671776874083751,90.4202844591182,6.000000000000001,7.0,1.4102840423583998,1.1509414911270097,59.190203067371705,33380.4865181115,60.0,59.575,1.11192464828491
ETH,-0.608586847782135,5.220376638439827,3.466372182248565,12.029963087982326,20.094988354952207,84.93440991835,-0.45418035984039296,3.44999501016372,0.24000000000000002,3.31,6.00628623041495,2.1,2.03,13.0,23.068585410868003,11.4237993143409,62.9922482285896,10.3823234516907,54.721913188396904,6.000000000000001,7.0,-1.05003821849823,-0.67731785774231,38.5815204962798,2163.68395863223,30.0,68.19375,-1.30890786647797
FIN,2.22684669494629,0.4451328471094789,0.5012231030040168,3.99955398497272,16.1212812667462,54.7609022005786,2.2103111743927,10.4739136902235,3.9800000000000004,6.91,25.7088479660065,4.139999999999999,3.98,13.0,46.465077410072695,33.8481853965173,84.046407185155,6.20729550409564,90.2433123846292,6.000000000000001,7.0,1.8215891122817998,1.94403350353241,60.7916038686882,79260.7235491878,60.0,62.93125,1.60069715976715
FJI,0.18117247521877305,4.18520747199108,2.76097832579688,8.88381797074103,13.8248133550023,83.13214813975819,-1.04902374744415,2.38950219709659,0.83,4.25,1.66224369552397,2.48,2.07,12.0,6.269374729673319,7.79213171874107,74.0161489490281,23.9249095885488,81.1213810929467,6.000000000000001,6.0,-0.587406158447266,-0.671125769615173,57.99559640246701,11226.444626112398,50.0,62.35,-0.978677988052368
FRA,1.4719694852828997,4.29452327369679,0.3114846312386431,4.26650883747211,13.6498612689033,49.66843602571091,1.3733812570571902,26.690631956632295,4.07,6.249999999999999,6.76780005936378,3.97,3.64,11.0,65.0583438437752,46.1403519163967,81.7014402617808,5.36015395612484,83.5341696205646,5.0,6.0,1.12417411804199,1.43693244457245,70.3954825743036,81490.7966251022,60.0,49.13125,1.2381057739257801
FSM,-0.124001890420914,7.871380362927792,1.6535668616220143,9.842922164087756,17.584742187659216,14.4256956135986,-0.6430469751358032,8.55989475363228,0.19095102638679975,1.14,5.2868706334403,2.6768272729909084,2.403665344280058,12.0,22.48220135568719,18.66092966090134,10.635582083266,85.9316336941959,91.2799574544459,6.000000000000001,6.0,-0.9522871971130369,0.03267811611294742,56.549149212596504,28728.57053275083,20.0,41.1875,0.9777063727378851
GAB,-0.666252255439758,2.54980619434756,2.28090888183538,5.91142203322365,10.12221020471,50.1014829649645,-0.9612098932266239,4.21780645982753,0.0,1.157395846530871,1.66582758314331,2.2,2.0,11.0,10.0865457090846,5.38501336552557,50.9550927358229,18.6656004760862,74.4683914262085,5.0,6.0,-0.532351732254028,-0.4148064851760859,27.4556887815273,19117.190331115,40.0,48.55625,-0.8636066913604739
GBR,1.6654604673385602,3.58628400773794,0.01851662465551789,4.68267915880647,14.5076818081671,57.4236431414671,1.59121036529541,23.460196722755,4.24,7.300000000000001,7.2603198993661096,4.0,3.73,11.0,63.037871339828,43.4691385347307,85.0413512557461,5.0554960078627,78.7813929731883,6.000000000000001,5.0,1.6378400325775098,1.7294138669967702,70.5149769879678,82193.5201407713,60.0,58.7125,1.33913254737854
GEO,0.3974211215972901,3.68025550193123,1.2283778118367903,13.58037264292,13.4487190012222,86.47128209781329,0.6305661797523497,2.49354227764651,0.46,4.8,1.93845792221887,2.59,2.9,12.0,47.5445001581885,17.8484252361493,35.8927454343559,1.83116239656039,49.4616918417153,6.000000000000001,6.0,0.664130926132202,-0.006217348389327692,61.468336380255906,12906.079221788,50.0,55.675,0.021580776199698237
GHA,-0.12656855583190896,13.1966714743996,4.968139981328859,11.1058718799713,16.4305958303929,49.3020881680127,-0.09000876545906077,7.59366611332559,0.060000000000000005,4.55,8.144082821607714,2.31,2.33,12.0,19.9804947459275,4.34506197449706,49.904194556853696,6.0175057626153095,55.5152043748241,6.000000000000001,6.0,0.09850329160690323,0.016669463366270006,47.5829502482676,3790.30178984704,40.0,69.2625,0.4313521981239318
GIN,-1.05566322803497,9.493796055775551,1.8973275963238578,9.290454182324122,17.473706034260132,52.92131713447987,-1.25816690921783,3.947867412694723,1.461348231371589,4.034790174945352,31.428391801835797,2.33,2.42,13.0,26.618992225456466,19.46141124925472,90.6306781963106,1.04172305328536,62.3003444735946,6.000000000000001,7.0,-1.0196253061294602,-1.39905977249146,42.2230260009564,2947.77497533491,40.0,44.03125,-1.01388883590698
GMB,-0.653231739997864,12.0390048184338,1.8959448304633197,14.6543723207076,27.6706648971681,64.51181978182417,-0.5752785801887509,0.175014730257325,0.07,3.03,3.77805236817081,2.8000000000000003,2.29,13.0,1.05496574244297,3.89840880466841,5.91774545946245,7.4794595495092695,31.9676107823028,6.000000000000001,7.0,-0.2578353583812711,-0.599867880344391,54.4512163689269,2554.04592567937,30.0,60.025,-1.28747808933258
GNB,-1.29328751564026,9.738184239366129,1.9735606383940842,10.732442744261212,17.020383540430693,51.66942109568243,-1.29210209846497,0.0,0.43349654992816017,1.8900062731596146,13.5487891898727,2.5800000000000005,2.39,12.0,17.417322620317663,16.753817532425778,25.9721783409732,11.025627423009,60.3150142990196,6.000000000000001,6.0,-1.22891986370087,-1.54239308834076,41.7821081516497,2774.41020026941,20.0,41.275,-1.32570588588715
GNQ,-1.23995065689087,5.76775100732085,2.464110603715,7.7039044254147,24.4901358580122,24.8360979947975,-1.25358760356903,4.344473732199231,0.0,0.15,8.18594014441033,2.2368607840907964,2.0191487279439,13.0,23.027890211775684,9.495840950907455,82.1471410752025,11.6357050803777,51.0248518825438,6.000000000000001,7.0,-1.6003158092498797,-1.04977643489838,22.9343465047188,32510.140952601196,20.0,53.91875,-1.90504097938538
GRC,-0.1903780102729801,15.7182240298714,-1.73826336505402,4.50391951035432,9.17273726384289,45.0643454770569,0.27644893527030895,10.1435850577284,1.65,5.08,2.44427631812254,2.98,2.38,12.0,22.5833822070075,18.7552112403049,65.3638429700063,2.34264697688702,72.4071549273737,6.000000000000001,6.0,0.5219926834106452,0.38823157548904386,69.875196964307,51405.5147562699,60.0,50.29375,0.7007905244827268
GRD,0.44690498709678617,9.600674586315778,1.8778255519993061,8.478093243196156,16.985984402388425,71.1830385577851,0.3230371475219729,3.2905858893947904,0.48000000000000004,3.8400000000000003,2.78893791133165,2.734163900840818,2.6552861183861864,12.0,21.34431734096478,15.303120888333316,74.1522959165628,1.2258046147794,77.9372689039727,7.0,5.0,0.25131776928901717,0.18664245307445515,70.4669210253371,35976.3838151267,20.0,55.13125,0.7475029230117799
GTM,-0.678762555122375,1.34453970286515,1.8340065099111496,6.6262106162069,10.2286310761409,77.9335520659609,-0.787666738033295,5.07039725439092,0.32,5.65,18.9605267320009,2.8000000000000003,2.62,13.0,21.3165525330557,22.4026445656877,57.98743601636621,0.45242184954838194,58.6303172438607,6.000000000000001,7.0,-0.2630009353160859,-1.08391964435577,59.5278728385924,11840.057210383,40.0,66.175,-0.3561386466026309
GUY,-0.761781573295593,7.062949309153791,2.405672063099621,9.494974381694139,17.985212107534313,57.61469085920967,-0.10073143243789702,0.123526350419182,0.060000000000000005,5.45,26.4911443071024,2.14,2.29,12.0,19.385965886590043,14.076660656255823,80.0714995376557,1.10882316686403,56.9657666763276,6.000000000000001,6.0,-0.6261730194091799,-0.518265724182129,43.0016644065102,12564.0722464308,20.0,61.775,-0.002288182498887061
HND,-0.955132007598877,3.2872031656791094,2.126289133434,9.464009311234634,14.533411785072083,57.5221187167886,-0.691542148590088,2.79523111001148,0.31,5.0,10.2305272175836,2.35,2.39,12.0,36.7816544594011,7.163458027002811,70.0308811122045,3.45611666245645,58.4920065401614,6.000000000000001,6.0,-0.20500932633876823,-1.1464250087738,58.6183421267834,7156.94792702541,50.0,73.7625,-0.46977770328521695
HRV,-0.025457292795181392,14.5622704712966,0.864929126075415,12.9950835994152,19.60090373855,53.0719387628825,0.6750282049179082,11.812056164737,1.89,4.35,3.84010834878534,3.2,3.06,11.0,45.332249481951806,26.031194664666,69.8591963750909,0.894074487939438,77.8151535440688,4.0,7.0,0.35381570458412187,0.14507900178432526,59.82046059801561,31563.035904779605,60.0,53.4625,0.540830552577972
HTI,-1.24063181877136,11.566027262508005,2.4746324925979986,9.513074778152243,15.598577764704036,58.496117759409536,-1.65928363800049,0.0,0.0,2.975772705725757,4.64484954339242,2.15,1.78,12.0,3.79611579390163,5.25965650668658,93.5844128048785,3.16532848382601,47.942573063717,6.000000000000001,6.0,-0.946483671665192,-1.33210027217865,51.0111681886198,4608.4651207666,60.0,48.25,-0.7627437114715578
HUN,0.298703163862228,16.042828623319,-0.13147289562151587,9.47369914991514,13.315235222735,51.800814026388,0.6086178421974178,21.2196345000288,17.45,16.27,7.8547135294115,3.52,2.82,11.0,73.4638890950098,55.6471185424255,88.1457370951622,2.12843273383001,86.4464953576923,4.0,7.0,0.9820621609687809,0.6111028790473941,55.199441422864,23912.6962508442,60.0,48.24375,0.7493676543235781
IDN,-0.689105808734894,1.67598753441661,3.0417528478536604,9.00423180425004,14.2248493281605,67.7644046611021,-0.3304796814918521,10.871757163658,4.06,7.079999999999999,5.46828226242823,3.12,2.53,13.0,30.7027326128864,37.4082290752756,61.01034034793249,24.6282971887949,60.7583665794488,6.000000000000001,7.0,-0.22185291349887803,-0.5835690498352052,40.8733748934867,6070.72483490148,60.0,71.19375,0.06761264801025377
IND,-0.5139681100845341,3.37395391664123,1.2103733449760903,6.1269010808579,9.31605692163115,66.1045541541936,-0.15608711540698988,7.704394279466359,1.98,5.31,46.1653897891749,3.0900000000000003,2.77,11.0,28.049633434621505,39.5800495388695,65.875787011957,11.650277471029,59.7145449584505,5.0,6.0,-0.4808856248855591,-0.06288074702024454,46.3011472980511,6261.25371582283,40.0,58.80625,0.3994542062282562
IRL,1.45570015907288,21.3116231755291,-0.8721893371771922,7.37427317357875,21.4276855630705,54.8309107217615,1.53906953334808,25.586358694431798,5.54,7.920000000000001,39.6988584403306,3.6499999999999995,3.4000000000000004,13.0,52.259190021751,61.0609781261728,93.553499300287,2.3605798565057,88.1172958728448,8.0,5.0,1.56388533115387,1.7272036075591999,66.3652752162247,95733.1865496242,60.0,47.875,1.3225213289260898
IRN,-0.797346830368042,6.440754456428092,1.7533677327765624,12.108048660777678,16.068017644949308,52.70548516812035,-0.5420414209365839,6.9616970854497335,2.9617843054756077,7.278161124133826,8.188172869900306,2.49,2.19,11.0,31.6898151795583,40.1751933296923,36.2492248211196,30.054269361980904,65.4958168393139,5.0,6.0,-1.4260185956955,-0.918653786182404,50.4291162835523,21089.3070913629,60.0,66.725,-1.60021269321442
IRQ,-1.24822700023651,4.985341922919406,3.5325107747951883,10.612541915109183,17.52187337985138,59.09657408884332,-1.0559552907943697,1.7585160988213642,0.0,2.375114450155146,1.9767031415460603,1.8599999999999999,1.75,11.999999990480129,4.43346025279613,3.95062001516543,63.1531194446394,13.5548179900952,38.0946591831586,6.000000000000001,6.0,-1.14061653614044,-1.57004082202911,35.8893880581268,17379.3332276786,40.0,63.2625,-1.07618057727814
ISL,1.8780314922332797,6.306601461433269,0.9076675669896412,5.812202362628266,16.604080421935222,63.6030316081032,1.48314440250397,15.393877898957598,0.17,4.09,4.36678225414352,3.39,3.53,13.0,40.6639955389096,14.5082018516875,94.0557993206568,1.5942901000849299,79.5198023985451,7.0,6.0,1.11312413215637,1.6779733896255502,62.1885296541203,78158.5164078418,40.0,47.8875,1.44295036792755
ISR,0.902115404605865,3.45440509825533,0.770524527979998,6.554077592285829,9.15095492129162,61.3234020429105,1.26981163024902,19.8939600431067,11.7,8.86,40.3559148020794,3.471886913773498,3.2585434592863236,12.0,54.2989159969219,42.69778571491409,77.3487015490089,8.27064559410109,79.9079882609236,6.000000000000001,6.0,1.1711333990097001,0.928755700588226,67.9642024448898,65494.415702129896,60.0,40.3125,0.6443448662757869
ITA,0.1720106452703481,13.7463696406392,-0.06396689751043519,5.38561894112228,10.5400086706929,60.024163662629995,0.4475111663341518,7.595011401760721,1.86,5.18,7.17698692124143,3.73,3.34,11.0,53.2650978908414,41.6358042830657,81.0563970051604,3.62931562526264,71.3902282780336,5.0,6.0,0.744578301906586,0.42594015598297097,66.4231181546189,78986.844150083,60.0,61.2875,0.9168092608451841
JAM,-0.285973221063614,9.896762978437462,2.019592471265027,9.46969078396148,16.50148683830109,80.08559782178871,0.04599333181977282,2.07942728921957,0.39,2.5,3.9904208392490403,2.43,2.22,12.0,13.0730221910623,18.7673030963079,92.3079829768536,0.787993975461487,63.3267246132095,6.000000000000001,6.0,0.17654070258140592,-0.34698748588561984,65.4468445187143,11938.812881529799,40.0,64.9875,0.4860247075557709
JOR,0.07058656960725775,6.7120874745107795,1.577570110715891,11.071191806313054,15.749831086885434,41.7992677811874,0.04005219414830198,2.36779292773915,1.61,3.63,8.162597333299603,2.55,2.27,12.0,43.8060004736328,24.4408917915367,44.8786683522586,7.888657141986961,64.3618775876193,6.000000000000001,6.0,0.23097211122512784,0.35089975595474215,60.27407054010651,17552.0633828196,60.0,69.28125,-0.734492719173431
JPN,1.61894869804382,0.9376045877009203,0.5856826433213226,7.418216474717384,12.182126493151411,41.4620119287487,1.40798962116241,18.2382479591573,9.15,10.24,1.69511538678519,4.03,3.72,12.0,79.532560823892,55.0050246411578,61.293323455699,31.520996981441602,58.1517405289535,6.000000000000001,6.0,1.1375806331634495,1.3513658046722403,71.7471232811569,68120.6997093098,60.0,58.375,1.10129523277283
KAZ,-0.921265780925751,19.3898666527902,1.77480743529667,10.1997863598346,12.7007777546046,83.3100013674618,-0.5253887176513671,31.007687137950498,0.44,5.81,2.28989872813297,2.83,2.58,11.0,40.1935468300943,14.008121963593,70.416136957714,17.9642744184711,66.3279235706102,4.0,7.0,-0.3905800282955171,-0.7728990316390992,51.3898529954355,19911.2870983977,60.0,71.11875,-1.17672073841095
KEN,-1.09887766838074,4.59096006966281,4.831123546460209,11.3501147433653,18.1097840529377,72.9147433172025,-0.5401348471641539,6.4064757063507,3.4426195003743514,4.622449803349671,9.3645900643005,2.34,2.08,12.0,21.6249048193983,13.052396166134201,39.2517949344752,2.36108650538628,51.830611478798104,6.000000000000001,6.0,-0.317458748817444,-0.831432938575745,55.64971069965521,5288.6042885029,30.0,63.00625,-0.287803679704666
KGZ,-1.15086257457733,6.55111366918828,3.5225247357294496,14.2124706293436,22.3101153844536,57.5511128705318,-0.64659321308136,4.78258891603824,0.08,2.34,1.32425226269722,2.31,2.45,11.0,14.624552385650599,6.74310678908364,50.5237972405336,3.79567217828916,55.2555074867047,4.0,7.0,-0.34460785984993003,-1.1348477602005,51.0390815511772,2539.45321570972,60.0,71.78125,-0.611097157001495
KHM,-1.08068156242371,2.22469008934459,2.34704505499746,15.43857707742,23.3053608763456,58.0881700200091,-0.8218081593513492,0.259104011781428,0.25,1.62,2.07793819431456,2.77,2.3,12.0,6.46816082487548,0.259529188603816,79.1844840601799,6.44578467692723,34.75297621394,6.000000000000001,6.0,-0.3551433682441709,-0.9813461899757391,39.4003358287519,3275.8401693775,40.0,67.91250000000001,-0.9614797830581671
KIR,0.02324118092656144,10.65649132961362,0.8691817575408933,9.352721425175046,16.75629407426996,25.4901077036769,-0.7990286946296689,7.30599848090236,1.9400000000000002,1.5,5.21877475705418,2.593839549226043,2.324460897120406,12.0,30.63682458146769,18.77115268216336,40.1544218303537,12.8043698399742,75.2275231227467,6.000000000000001,6.0,-1.32609736919403,0.18290342390537295,60.38347560975291,20619.765886735942,30.0,39.9625,0.7746086716651919
KNA,1.26053082942963,6.604536147130221,0.9785106108574434,5.854150715894896,14.714182849604574,65.5659525387803,1.2628169059753402,35.767676145305,30.41,5.2,1.38256322993938,3.1805552520813274,3.096573594859233,12.0,63.518583780107775,29.856574269038145,83.953307534834,0.13785439729246,89.0690207045267,7.0,5.0,1.0805661678314198,0.972676515579224,67.6537697967103,40791.68521320303,0.0,48.4125,1.1244359016418501
KOR,0.49588224291801514,0.594291798596701,0.6608096394190892,6.853785321836159,11.1243559203712,55.8315906355392,1.0745025873184202,28.2220757644767,17.16,9.79,1.47167334242827,3.68,3.42,12.0,70.6265831245777,59.3803622471837,50.9757991815103,35.20803333711,66.7427340108873,6.000000000000001,6.0,0.8653910756111148,0.9848355650901791,54.980397416291,44413.9167103095,60.0,63.20625,0.7255957722663882
KWT,-0.197435706853867,5.19116857201251,1.30151075346824,11.0384460809472,16.4456909831296,1.83655212334894,-0.0892168805003166,0.0,0.0,2.675563643207297,38.9998163718682,2.98,2.73,11.0,11.9128718021514,28.5749252676073,43.8819981058851,19.8123880355695,67.7834934641294,5.0,6.0,-0.04033019021153451,0.36274510622024514,36.780475654361,46893.6089619402,40.0,52.55,-0.642977952957153
LAO,-1.02507245540619,0.21646692940540832,3.4160191943701297,10.9791648164129,14.669791281547912,63.3398232602555,-0.8434208631515501,8.77232288985581,0.02,3.1699999999999995,5.34034457741979,2.49,2.38,11.0,3.61690474155854,3.77477524547142,9.34963499154426,87.2954346018225,8.6793604384475,5.0,6.0,-0.8321899771690369,-0.8568352460861212,40.1523222378494,11250.703189907897,40.0,65.10625,-1.64357113838196
LBN,-0.8656907081604,3.78697531989083,1.2091528881175397,8.16888610895809,12.0782714821386,53.2057061849714,-0.2400890886783601,2.29114806395946,0.65,2.18,4.27050632135493,2.6099999999999994,2.21,12.0,33.3794990217538,19.949600759245904,45.8302583093242,0.7517193095445122,67.8587096704307,6.000000000000001,6.0,-0.13720554113388106,-0.70023500919342,72.9665422887919,28679.829641164204,30.0,59.4625,-0.3858333826065061
LBR,-0.60703831911087,6.48639777779277,2.7847366040803947,9.211863258296686,14.989649077919564,74.1708668339896,-1.1585081815719602,2.8174698843306616,0.0,2.3822402282059016,8.175383878809075,2.42,2.0,12.0,11.741343107180112,8.87400603980541,40.9625996591526,8.45265040426178,31.889088517627705,6.000000000000001,6.0,-1.0499324798584,-0.888212502002716,34.5571020921947,1406.0555044459,40.0,48.58125,-0.30661624670028687
LBY,-1.3150190114975,7.909499274518782,2.657468339706976,9.318184533605459,17.33239433379251,49.0882496349425,-1.26853775978088,3.957421398615365,0.0,2.1700507115368506,6.63600525624179,2.38,2.08,12.0,9.31445987916022,16.0558464292641,74.9560685743073,20.6326660847907,49.82971345944801,6.000000000000001,6.0,-1.62144076824188,-0.9809672832489009,38.0498684426903,31664.0364673514,40.0,32.7,-0.900741994380951
LCA,1.05189907550812,7.959939579076016,1.0838737406198478,8.0529588548291,15.79852714618424,69.6795700746886,0.7404197454452509,8.16735170561746,10.88,4.13,2.13000837321733,2.8613708025300135,2.761505349362522,12.0,38.7589876694306,7.829181494661919,91.4786673315169,1.6335008314870199,87.6877407140016,7.0,5.0,0.3089069128036499,0.7208963036537168,76.0388954291382,25283.4582085924,40.0,59.04375,1.11139535903931
LIE,1.7933220863342298,10.235063439503584,0.12600699988051609,7.710735439435822,17.715042708672076,50.13965695786964,1.78074657917023,16.562573499612686,7.756460714099751,4.677072030010486,8.15567445725421,3.5166971200648867,3.3537871483012287,12.0,56.33347502760297,37.802190117930806,95.24106929565053,6.383690215169675,99.6315270995627,5.0,7.0,1.5524400472641,1.5949929952621498,65.32250620058912,77827.67880055714,10.0,20.81875,1.5060297250747703
LKA,-0.24188050627708402,3.62758332957379,2.8229201679962106,7.065407937827019,14.0325672292568,59.395427345875206,-0.2043189704418181,0.950920293567033,0.5,3.7199999999999998,17.7086685631184,2.65,2.58,10.0,8.86185326775367,5.5318715482066,75.2522186104882,3.98993776848426,52.3327886539191,5.0,5.0,-0.12574109435081504,-0.11408435553312303,54.2044930627604,11663.3626992953,60.0,69.09375,-0.5752792954444889
LSO,0.12653446197509788,2.46477296166822,4.398883681348139,6.77962704802186,12.419010711305,63.3291856745317,-0.42658829689025907,10.134118611216996,2.52,3.0,5.67032861131354,1.99,2.0,13.0,15.689931010149735,2.174084901972023,48.7158646400383,0.0179679234341388,7.303702176433739,7.0,6.0,-0.5409542918205261,-0.26932346820831304,52.8520996716815,3682.90072219883,40.0,52.1625,0.07233289629220972
LTU,0.38667002320289595,14.1140616832463,4.1068610408143895,11.1210067595453,15.262547487240798,44.4979045719755,0.8267299532890319,11.0422224951685,2.27,3.63,3.10421782022652,2.7299999999999995,2.73,11.0,37.5336433327188,19.4589230991229,85.0959647063836,0.44486159258308,91.5719904464234,4.0,7.0,1.1177511215210003,0.8447539806365969,57.6622186397042,26450.423017858597,60.0,46.75,0.9295096397399901
LUX,2.1143639087677,0.145588493246799,0.6287545054064883,6.2837806517406,16.5543854792948,62.7427369436002,1.6636219024658196,8.68486923570019,2.78,4.08,6.15276623899802,3.91,3.54,12.0,38.3788382113716,22.4137942714819,91.1183234905544,2.15012014546462,88.7775278114708,6.000000000000001,6.0,1.7598860263824498,1.7916851043701199,78.8749543859531,210547.276549988,40.0,44.5125,1.6499006748199498
LVA,0.238223135471344,8.7237859152224,0.8955973187897868,8.71126431069441,14.5314627590148,52.8376655120432,0.8283481001853942,11.406411147512,6.14,5.96,6.36036413379076,2.9699999999999998,2.71,13.0,34.7518287159743,16.5903072254743,87.3338765792821,0.76016109875176,90.2491037417808,6.000000000000001,7.0,1.0106267929077102,0.7799220681190492,63.043567465741404,25865.9601174243,60.0,47.01875,0.775515556335449
MAR,-0.49313035607338,5.74656037615339,1.77982485400993,6.707306082611422,10.2658829767671,67.8769824862804,-0.14105626940727192,10.904331265335081,3.08,3.51,7.144263161851789,3.01,2.64,12.0,42.4784911977895,6.740213778498579,71.0389515860865,2.23486420839762,73.4002879056729,6.000000000000001,6.0,-0.11085365712642678,-0.292328745126724,49.1349653712344,13111.092767041899,40.0,67.40625,-0.605667233467102
MCO,0.880900713284698,14.425357849085012,-0.4446960951713804,9.077903360013265,17.32893760423001,67.56452807752372,0.9455657252206341,31.745933456627725,20.821814250362667,11.669906667498523,8.1460839722546,3.320151906750147,3.0931571199827053,11.0,60.96419078245947,44.720103997143354,85.95597508693312,17.77846437755581,99.6315270995627,5.0,6.0,0.6807788598329023,0.9268806576728823,86.9859948991006,58872.38691209169,20.0,13.16875,0.7968699336051939
MDA,-0.614259123802185,14.4995942986054,1.1418875338788703,12.4208760231702,24.336272639531,57.7687085574393,-0.55792099237442,5.13254701281781,0.26,3.3400000000000003,17.5253386657257,2.44,2.17,11.0,27.011111169872,12.2805733782409,80.9131943075521,0.43378354944177405,65.7153178466681,4.0,7.0,-0.11593054980039616,-0.3230074048042301,54.4511648315395,7742.786698913529,60.0,54.85625,-0.034426074475050146
MDG,-0.670311391353607,11.5651094798493,2.5518634874237804,8.07579949810673,16.8959106764627,75.4005070635006,-1.11727750301361,1.49588449015976,0.13,2.38,3.6363755727243405,2.8000000000000003,2.8,11.0,3.0758043985770698,3.28472531791741,72.0371376545563,13.4365037482108,53.726177435155705,5.0,6.0,-0.5760995745658868,-0.927833795547485,50.9548624555702,2043.51001437186,60.0,66.14375,-0.883270680904388
MDV,-0.697819232940674,20.9246965468261,3.5895021210115208,17.1362271884126,31.444607162032703,69.50230037040572,-0.18656158447265608,6.2123423729758445,1.8802162467113714,4.27,2.6186055566373,2.43,2.24,13.0,0.240249610695569,2.63332463352038,57.450424985623,29.982581607461295,65.8396431861753,7.0,6.0,-0.4018147289752961,-0.5445010066032409,75.4770286319992,24165.0775093958,30.0,56.76875,-0.4686553180217739
MEX,-0.4845275878906249,2.52922017747363,1.8742190131196705,9.3523758332804,13.808106614434498,40.9147102587409,0.29619902372360185,21.3533236921301,16.86,16.51,2.93503508948186,3.15,2.63,12.0,78.5937023257289,40.1526278327655,90.3754384818178,1.79473737918347,76.4847002081812,6.000000000000001,6.0,0.4187431931495672,-0.5351800918579099,59.93720727738321,22468.9246811091,60.0,74.63125,0.11274534463882388
MHL,-0.22415484488010398,15.218890677304726,0.4702557512393652,8.245995466040434,17.356162177089168,21.9069980349221,-1.51806282997131,3.0363286084959853,0.0,0.15,3.94046513463993,2.4172096332082607,2.1092938007784836,12.0,27.666858213920136,13.239655753711808,92.7100838866686,0.140300681559921,99.6315270995627,6.000000000000001,6.0,-1.0586153268814102,0.10639505088329307,67.2539014941893,19580.088231044087,30.0,44.3125,1.10328590869904
MKD,-0.0511750727891921,10.1123971304148,0.4428919055733778,10.7193534298928,14.549727241231302,50.6033406645663,-0.21018835902214109,4.0704306600746,0.31,4.0,9.95415320596927,2.41,2.24,11.0,42.976897146881,23.518332496233,66.4574888189851,3.73172650262114,71.5566339365488,5.0,6.0,0.26410642266273515,-0.25157019495964095,56.3116157384889,15823.7258860204,60.0,51.5375,-0.02849610522389425
MLI,-0.831212103366852,7.0494555644918515,2.3748602106774555,8.98989441500059,14.798200380560514,92.1282073036766,-0.9830552935600279,2.25646931948216,0.05,3.62,42.3069713955923,2.4110804435649276,2.380114668826409,13.0,17.994489989580984,17.096508852527855,34.4153723856501,9.50223426713304,31.6365111427858,6.000000000000001,7.0,-0.42704644799232505,-0.6648887395858759,38.7717273817181,3458.5129169971196,50.0,64.84375,-0.49553012847900396
MLT,0.9355691671371458,7.75197194482716,1.3910999905957202,6.06773694234154,12.1168322653264,61.5993032493326,1.24083888530731,45.9493963950339,20.2,10.88,1.36105969398046,3.05,2.81,11.0,40.2527961932275,5.36508592806984,83.1013448950995,3.2167056282622,90.2961433231922,6.000000000000001,5.0,1.3213196992874099,1.33850824832916,71.976214746342,48115.221400915,40.0,42.1875,1.16538798809052
MMR,-1.06979167461395,4.8198656146540575,2.338557327648586,10.848583280800868,15.46181503485505,24.2550353999524,-1.47650003433228,1.01357200229777,0.01,1.21,6.1488447961075,2.34,2.24,10.0,1.7717403529891302,11.65960129128,19.0479342226224,47.7778561435612,45.916265425206,5.0,5.0,-1.8346574306488,-1.35677540302277,37.0367795009136,2397.42516058426,20.0,57.51875,-1.62011933326721
MNE,-0.1297641247510911,17.3025070519201,-1.96816782129271,9.02145181701268,12.9071747303666,59.801942572562396,0.12051415443420391,10.7846783653116,0.44,3.02,3.54733648173559,2.62,2.31,11.0,26.2347429561141,18.8508172989349,56.011516502335596,1.08158655446029,49.8930270505062,5.0,6.0,0.034414675086736755,-0.05848058313131314,64.0175673838773,15137.9231127492,60.0,59.1875,0.2179059684276581
MNG,-0.535095810890198,3.2785589135216755,2.844236958934957,11.076948062379458,14.878506345782554,49.3227542714637,-0.626131415367126,8.874175982285994,0.0,4.129492437403405,3.35043098987119,2.29,1.9800000000000002,11.0,3.74210995358465,4.8744435789893,6.9999805462075795,92.6522741165988,64.8609872078852,5.0,6.0,-0.21640706062316883,-0.3672126531600951,46.8583778990963,8872.596093095979,60.0,69.4625,0.06547499448060978
MOZ,-0.5690216422080989,6.944541585785003,2.8051103723224555,7.552467887192488,15.391859929975501,64.9013536363433,-0.6532310843467712,24.740888093136,0.01,2.25,3.98131551813238,2.4919143729562845,2.2688834888182354,13.0,37.9115557557689,10.8876387031581,48.66897614329889,19.0633456560102,47.540031328300095,7.0,6.0,-0.4657754600048069,-0.598753094673157,47.6027313250162,3087.21175277197,30.0,62.9875,-0.1976612806320188
MRT,-0.793573498725891,6.60063998915586,1.5690167792918668,10.062652954799406,16.624402195803576,44.04052725528575,-0.914369821548462,2.789860211690291,0.0,1.24,18.9344122742637,2.28,2.33,12.0,21.585892505733053,17.99929294476609,48.4343456325164,44.5029250924638,77.1408540714567,6.000000000000001,6.0,-0.652322828769684,-0.939481437206268,38.8685569000327,6342.23081464924,50.0,45.68125,-0.910916328430176
MUS,0.25216829776763894,3.63707898309436,1.4391084104668397,6.87647533995024,15.521270336226099,83.3060433580701,1.0400071144104002,0.9292314051812292,0.76,5.12,4.98460623345788,2.83,2.58,11.0,4.04853109559819,4.25612913050099,77.7186364205797,1.81528239411987,39.8637045950276,6.000000000000001,5.0,0.9316183328628538,1.02395617961884,64.1212056440386,19796.6134591129,50.0,70.45625,0.8808529973030091
MWI,-0.477253526449203,6.399173010186587,1.98904882155531,9.019644488966469,15.064561522992427,60.3021468569344,-0.5096526145935061,2.12768909410415,0.08,3.5300000000000002,20.5967064432906,2.56,2.51,12.0,10.519283127262,11.344661369016102,58.8995723780422,6.69341188301959,29.9366468048063,6.000000000000001,6.0,-0.7127491831779481,-0.24080732464790305,52.5104116951348,2777.64208373308,40.0,62.70625,-0.20608437061309792
MYS,0.21331295371055597,2.01584311320696,1.5949761750724603,8.60134229410037,13.7129402886945,60.5323583063584,0.906338155269623,47.5749674208281,27.9,23.12,7.205514076242911,3.54,3.28,12.0,58.5318349410469,41.1749354289841,62.7477358128262,25.887873663264504,62.4042600709174,6.000000000000001,6.0,0.4771699607372279,0.3797694444656368,49.0223958354783,16801.3779617412,60.0,66.3125,-0.34653919935226396
NAM,0.32149577140808105,1.33735163605377,3.12331342548869,7.99392498542367,10.8729588529191,53.1950450435896,0.23951594531536086,5.36995008672446,0.65,3.0999999999999996,1.7135576292905301,2.8499999999999996,2.73,14.0,10.7341336496369,7.88362631457742,52.41826392687399,4.70268293630825,17.4509633086412,7.0,7.0,0.155978977680206,0.30407232046127314,53.9227923543527,13605.179107641501,50.0,58.775,0.3784391283988952
NER,-0.647685706615448,6.057062499795216,3.461971159785372,9.045110912154401,16.72822650153923,68.81860018321616,-0.695407688617706,13.178547225528503,0.18,2.35,0.734759580434106,2.49,2.67,13.0,5.31146303435981,18.2537311979757,60.346153817994,7.4580161195019405,39.41278105885,6.000000000000001,7.0,-0.609249889850616,-0.6639674305915831,34.9550459944691,2391.63181734899,40.0,67.53124999999999,-0.2846275568008421
NGA,-1.17593324184418,3.70522490674831,2.4070477857329604,10.8206414155405,17.9577787281924,24.5418222878486,-1.00097513198853,1.89161536639165,0.0,5.54,2.10473954254202,2.35,1.97,12.0,10.885191564185,33.4362610463041,47.0147946103916,11.6249379756107,59.15814585643711,6.000000000000001,6.0,-0.7230694293975829,-1.13882875442505,50.1858844831558,6988.062298880249,50.0,51.375,-0.7002198696136471
NIC,-0.781678140163422,1.88139597722178,3.00165715755161,7.02289614603664,8.63610135863229,87.61062057747549,-0.8913393020629878,0.245001979336069,0.0,4.43,13.5875601629026,2.5346228509424,2.367213049524088,12.0,20.206740634551,13.1596982552272,59.3552213430704,0.46788767970565104,33.1317320198233,6.000000000000001,6.0,-0.31005224585533103,-0.733911514282227,48.0435097123832,4441.03191585399,50.0,71.825,-0.536340475082397
NLD,2.09058332443237,3.09784428543666,0.3289714628322141,4.55918624957978,12.1536375902909,44.9209131851125,1.83936905860901,25.4832942720764,10.53,12.49,8.97142364893954,4.12,3.85,12.0,51.2304259895202,47.4449592142422,90.6537745428172,2.3602540607313,72.6073158358135,6.000000000000001,6.0,1.7455050945281998,1.85268175601959,69.0876469086887,74881.1914982608,40.0,49.5,1.60558545589447
NOR,2.24798226356506,1.51215755076448,1.02052322000545,4.030802982609765,13.233871099431198,75.5055588146467,1.8999354839324998,21.1240532638067,0.79,7.079999999999999,8.15219867684805,3.67,3.46,13.0,44.8823131733203,32.1355722852133,94.8925965500964,2.07074488514455,82.0322140449415,7.0,6.0,1.5397392511367802,1.95103108882904,51.0970868383772,99276.7554923951,60.0,50.03125,1.72816324234009
NPL,-0.814642906188965,6.39730695452383,2.335277422487953,9.808238608045336,12.849276045331315,71.8631339641597,-0.9899057149887082,0.136727857781523,0.0,4.7,25.0117996006768,1.95,2.2,10.0,22.6632575082629,8.5986138785648,19.3034318343206,3.78020981769326,14.093336226231399,5.0,5.0,-0.8051446676254271,-0.737359285354614,47.987452587668,3741.37800849252,30.0,70.8375,-0.642363488674164
NRU,-0.024551125243306257,14.088885723526127,0.7058628255774478,8.387876154388605,17.225954530755317,47.53752372464948,-0.5577510595321659,5.594575185692285,0.0,0.4222937788000446,8.158522491049123,2.534439651855639,2.3700733621723185,12.0,29.72884031488762,16.965429708063407,72.5087798177911,0.22127142955050602,77.3766242386625,6.000000000000001,6.0,-1.18786144256592,0.7269259691238402,63.69074756010354,28414.083059337572,30.0,31.762500000000003,1.09553349018097
NZL,2.30788779258728,3.890758466242891,0.7038625922228874,6.583335024506146,12.640327279668455,74.5206629545439,1.79215371608734,10.0832140526896,1.13,7.67,4.37905878927895,3.58,3.47,11.0,22.4889390994737,20.0274524943165,63.9213876736416,25.034185581230204,69.9857683395417,6.000000000000001,5.0,1.8447991609573395,1.88321006298065,64.9738902196158,66038.8410684247,60.0,50.7,1.6177220344543497
OMN,0.17508293688297288,2.5727670792649757,1.708492702880431,11.001257411629087,18.671157455158003,5.91337332120334,0.242914155125618,3.3932296645033,0.11,2.98,2.77047306170855,2.59,3.1,12.0,34.1150223960397,48.212944948318,47.7839148405585,39.7338615024966,76.1032349429603,6.000000000000001,6.0,0.4667392671108251,0.5188434123992921,37.4757131338017,33872.2248677339,30.0,51.79375,-1.02166974544525
PAK,-1.06879222393036,7.832178951038527,1.0295278870750688,9.253739946649098,12.828852898144499,48.348829339667894,-0.783729493618011,1.72526018933107,0.24000000000000002,4.36,8.84229717411121,2.6099999999999994,2.85,10.0,9.54042364345326,22.7664456494266,59.218323653240496,14.8565607258012,64.8672506683635,5.0,5.0,-0.7222334742546079,-0.8834201693534849,51.5898687341456,6439.08741205324,60.0,67.675,-0.843582153320312
PAN,-0.39511966705322293,1.95494387616131,1.8754435991647203,10.424496236502,14.6665603739283,69.46201228871425,0.3198761641979219,0.4196791832419399,8.3,7.45,3.0802407221665,3.01,2.5599999999999996,12.0,9.9978528936314,6.82342172762078,70.0779147266357,7.04018768308417,57.82197660598529,6.000000000000001,6.0,0.468524962663651,-0.22208389639854378,71.8565162443201,31561.1784174626,60.0,68.6625,0.4694169461727142
PER,-0.4040696322917941,2.16669888688339,2.9579170891457807,8.62027101448447,10.9217682357926,82.2821855489622,-0.18742011487484,4.69465769063035,0.08,7.839999999999999,3.58251959473484,2.9900000000000007,2.68,12.0,5.739372144846019,13.464134667175799,66.5103329979153,18.3733653792443,47.2636781836325,6.000000000000001,6.0,0.43664231896400496,-0.58197021484375,49.129259974298,9448.460463741449,50.0,68.49375,0.11426293104887013
PHL,-0.573895454406738,2.20068041783046,1.8380168566291601,9.97438974459132,14.765832251334999,74.6336686213971,0.20568618178367604,37.84284327770851,29.47,24.75,14.693211514651,3.3,2.62,12.0,73.1368161260436,53.0366211461363,76.2066875619509,21.4139742530876,70.023941109209,6.000000000000001,6.0,0.040504600852727966,-0.5224102735519409,55.50469962517331,7040.40521598177,60.0,69.57499999999999,-0.029686735942959907
PLW,-0.433817923069,16.034954460196584,0.5063253920954809,8.740591197008685,18.488688170556117,29.1654247772533,-0.5577510595321659,7.608016984065709,0.95,2.53,2.4049203380714,2.5900502959558382,2.2829594703361966,12.0,32.81143888973788,15.746255024521279,96.2733786464738,1.6051465776678,93.5839325841782,6.000000000000001,6.0,-0.9949806332588198,0.898058652877808,77.8210051499332,27316.23061891981,20.0,43.8625,1.2056041955947898
PNG,-0.938103914260864,2.15851766654297,5.785096070277669,10.1744932577921,20.6425998290917,56.48260421856053,-0.7394904494285581,3.9590478988278397,0.01,2.21,0.348112164660376,2.51,1.9800000000000002,13.0,8.06340968840426,12.6096594406957,79.0353553698898,18.2024812181708,76.2380436639034,6.000000000000001,7.0,-0.524210631847382,-0.832595944404602,49.6021773873939,5749.38724489134,10.0,57.24375,-0.05910497158765776
POL,0.659753620624542,4.92137936955479,1.1702470443078192,8.69342901326147,13.146864456866298,46.4437965958444,0.6578714251518251,7.81151383868806,7.04,8.2,7.1656050955414,3.32,3.3000000000000003,13.0,54.9642213492571,34.3084211700532,89.3226622089788,1.4402940613328,89.0983808806111,6.000000000000001,7.0,0.9963957667350768,0.8178685307502751,55.33490071148451,26209.239166533298,60.0,48.16875,1.06427574157715
PRK,-1.28702855110168,5.119073156858349,3.6350204184896033,13.014792909961068,18.6227169658986,49.33980021956001,-1.90760576725006,1.3567788348463437,0.0,0.15,8.193238506333513,1.9061178087452586,1.7873151994750072,11.0,0.0,0.4323123137672376,4.97699475566293,75.9816945618911,8.43274545808488,4.0,7.0,-2.5266900062561,-1.35402989387512,24.350005790450258,1406.0555044459,0.0,37.51875,-2.24007630348206
PRT,0.9554477334022522,8.1867265178227,-0.3307603504486371,6.63041348692,11.3007580816557,47.6078904408479,1.00191485881805,4.49299865197501,3.44,5.02,4.70552737284067,3.5999999999999996,3.19,12.0,39.6028616402941,24.7162322978535,81.4932695685957,1.9785017636360502,78.6840183418133,6.000000000000001,6.0,0.821372985839844,1.03611195087433,66.391814938701,41335.2050144606,60.0,46.79375,1.02852833271027
PRY,-0.850602805614471,2.20384579352775,2.70225254186973,7.55197968335982,12.0684059935656,53.487312650016,-0.899536430835724,8.83816397312963,0.09,19.11,1.07850333942956,2.59,2.36,12.0,16.0624099466815,21.8266894278405,36.1180873406543,2.72821631446065,26.068019513299,6.000000000000001,6.0,-0.26128265261650097,-0.8108205199241642,48.1424560989953,9887.04148556279,50.0,70.9375,-0.113736905157566
QAT,1.05304300785065,1.8186038411698964,1.6908099893689486,9.021702025442327,17.803230910177028,45.48543117310454,0.946534693241119,0.602919142811633,0.0,5.26,4.13932497162001,3.5,3.1199999999999997,12.0,28.3925944856644,62.8876265185395,74.7157974033275,9.92554251068417,75.2811262081674,6.000000000000001,6.0,0.7958379983901979,0.9523643255233761,28.482929798816,95111.0668368762,40.0,38.86875,-0.921773374080658
ROU,-0.38144347071647605,18.2374449705832,-0.6376112446910102,8.01952585078312,13.7885495345467,50.1548291087636,-0.16948463022708896,8.17987951236471,4.99,6.7700000000000005,15.6029202803329,3.1,2.6500000000000004,11.0,53.9680200303601,36.7858776090607,80.1565727433702,1.06968107462829,82.7964217600366,4.0,7.0,0.5645331144332889,0.09290053695440273,49.4343903967501,23633.4992695356,60.0,60.00625,0.3185296058654791
RUS,-1.05157160758972,6.059372206780281,2.3908273410210894,9.96417964467918,10.5518127577954,58.3977286887653,-0.534914612770081,9.08148979631111,0.31,7.5,5.60404055051635,2.76,2.04,11.0,23.658654450024198,26.5352626904543,65.4948924972909,8.28005913545699,59.61908110757321,4.0,7.0,-0.346864879131317,-0.857621252536774,54.5096468238003,16098.6150604318,60.0,55.63750000000001,-0.9788181781768801
RWA,0.5598801374435418,6.367881354275981,3.2583106634941497,15.3836964204834,21.3806504240852,65.31248493787984,-0.10165206342935597,5.08510868802662,0.24000000000000002,8.31,3.4250230516051805,2.39,2.19,13.0,4.84853000146696,9.93788819889728,55.142671947012204,5.01030561694667,41.1055558981635,6.000000000000001,7.0,-0.1260877400636672,-0.250502079725266,48.8490732798953,3380.29211275129,30.0,49.18125,-1.27765655517578
SAU,-0.04567829892039296,1.6697936801687001,2.12639759859576,12.6534987593052,15.67991734724,7.63826256268648,0.01908940076828003,0.661180453006294,0.12000000000000001,7.4399999999999995,2.97357595074747,3.2100000000000004,2.79,12.0,35.6496147431102,33.507999311105,59.682581007994,18.9141853686793,66.5255286434951,6.000000000000001,6.0,0.09908751398324991,0.1443497687578199,35.2326927816917,43892.3571201832,20.0,33.825,-1.86564028263092
SDN,-1.50337672233582,12.120386179185411,1.5871988096949095,11.219493962498213,18.712240160674977,52.5843956682406,-1.43261659145355,0.0164086407902401,0.01,3.8400000000000003,1.81434306742971,1.89,2.14,12.0,20.22761033752175,10.522904158150304,84.6753219901898,0.0143475708434805,62.252169071420695,6.000000000000001,6.0,-1.47798550128937,-1.243647813797,46.0544465200986,6432.27999304117,40.0,57.025,-1.77434039115906
SEN,-0.2584227323532101,7.79994729102757,2.123383071656391,10.177476731382516,15.83386768412325,67.6586325627152,-0.47369542717933694,0.866652258345526,0.31,2.18,20.2832605445985,2.1,2.4599999999999995,12.0,16.2905607821238,20.3910749539981,34.7415777758621,2.18954887688361,53.362547990287396,6.000000000000001,6.0,-0.10914228111505511,-0.28196707367897006,53.7359773167972,4767.03599580669,40.0,61.65,-0.004189135041088015
SGP,2.11570811271667,1.04262808908742,1.4415764736628898,8.46235298163152,14.919691182650002,150.555396894588,2.20258617401123,48.4626199153623,27.91,23.04,5.19456114019233,4.07,4.1,12.0,64.4905630538746,76.2838088761689,49.901310741752205,43.0683210336014,61.1316405334982,6.000000000000001,6.0,1.95790207386017,1.72407805919647,69.2086270458185,77681.1323885262,60.0,36.48125,0.05309136956930179
SLB,-0.3574652671813961,3.5743383783680205,5.05846908114409,12.3072603314702,24.8984464529818,89.1476386325918,-0.813310861587524,6.316269835791939,0.02,2.72,2.85705896137286,2.39,2.37,12.0,12.318941563291217,13.541533482319426,44.2283393376572,54.288609375844295,75.3473158626132,6.000000000000001,6.0,-1.0443333387374898,-0.5280985832214361,47.7061255001944,3894.9564750500203,30.0,48.4625,-0.0285495333373548
SLE,-0.957400441169739,5.638676457713692,1.8188863690962656,8.71753040689119,14.098346436615362,45.5573983438102,-1.22011303901672,5.4908556040096475,0.22752884908871032,4.180472803553673,54.8908310123507,2.14,1.73,12.0,14.903691389173563,13.881398224848613,20.9738422985133,60.6398552870327,46.929253797758,6.000000000000001,6.0,-0.7105731368064879,-0.867620050907135,43.980867472737,4203.29262762934,40.0,58.05625,-0.3206525444984439
SLV,-0.41251277923584007,2.82635637565409,2.22721211029014,10.2456184684883,14.630197373299902,68.6087536145018,-0.13483592867851302,6.00783784534244,0.37,4.9,8.51519977049311,2.6,2.28,13.0,14.847013660762,19.1274927360563,57.1813343140605,0.201135029763532,50.8279453267562,6.000000000000001,7.0,0.22834832966327692,-0.728603363037109,58.343974955754106,9158.8339458165,60.0,73.825,-0.04019372537732104
SMR,0.9337301700809255,20.3323421684588,-1.85868024902769,6.21245513449301,9.77793012295084,46.9685830251507,0.5264689882776501,12.277601890095573,6.438347070327682,0.6885036097932562,8.165902052589857,2.9668488001023863,2.726247479308631,11.0,45.14360391007005,23.08145205669258,95.9240806980794,0.10676603703419799,99.51867014975149,5.0,6.0,0.13302353554371893,0.9268806576728823,73.38394620167438,42236.25215821785,0.0,16.45,1.2056041955947898
SOM,-1.59658908843994,10.44976925904353,2.9866239306529625,11.234920575300059,19.31784086139775,54.027063003547894,-2.19294190406799,0.0,0.0,0.15,8.16280179761636,1.57,1.67,12.0,0.9785869718192421,0.259529188603816,80.3365459858751,0.78521391281164,27.1264610054114,6.000000000000001,6.0,-2.22469043731689,-2.41820406913757,35.44418785878432,1406.0555044459,0.0,30.812500000000004,-2.19676351547241
SRB,-0.357432961463928,9.90578656957532,0.7554692177158477,9.219646257569144,13.909632759613665,51.5742630415852,-0.17335240542888602,8.180096381371785,2.13,3.7999999999999994,12.1306370282431,3.0699999999999994,2.39,11.0,41.3627556627892,20.061768188057,71.8785008475834,0.467250088929055,77.7448165313746,4.0,7.0,-0.07032625377178177,-0.33283576369285617,52.3042523803937,19595.904420899,60.0,64.28125,0.19894349575042686
SSD,-1.29581928253174,13.06293750152318,0.9937039933907507,10.130357730880274,17.971306443158493,50.170823727861915,-1.61496496200562,0.0,0.0,1.765628150458859,8.182231115617265,1.907606953543681,1.9199458034569699,12.0,17.242289783046395,7.88536079954919,98.15569261592479,0.0029973310384367,48.2148314576452,6.000000000000001,6.0,-1.44988763332367,-1.41670286655426,42.6735756014185,3571.2285127133596,30.0,39.66875,-1.33308959007263
STP,-0.17232139408588407,12.16110483879696,0.7908954233957652,8.149854357500631,15.859771017507303,31.621303200261,-0.736109614372253,14.5478582760444,0.2,3.2199999999999998,8.10613204988866,2.7799999999999994,2.33,12.0,30.861830827622395,15.526033443089633,80.9622832804628,7.233020411912029,67.9474876407912,6.000000000000001,6.0,-0.7989581823349,-0.7463921904563899,71.8342838127868,11280.484216150599,20.0,46.05625,0.18013384938240082
SUR,-0.340788125991821,12.771306781377248,1.9869658218296087,6.687047708619066,16.854799636153135,72.8515654262644,-0.01288033556193122,25.085466884249602,0.060000000000000005,3.1099999999999994,8.18335863786213,2.538484519479059,2.341208056792597,12.0,16.3147282424388,11.534829528708,94.4162282295797,0.449247072928153,79.4001450106401,6.000000000000001,6.0,-0.4761609435081481,-0.06157471984624843,47.6572958500669,21781.1036827298,20.0,44.73125,0.34086346626281705
SVK,0.06928049772977829,5.15691742164664,1.00102013916721,7.97466630039857,14.7170915794388,39.4164254747422,0.7815475463867191,9.56862397042366,16.7,12.91,9.27850627635933,2.84,2.88,10.0,66.4765289868185,47.822716626369,93.0458935332391,2.27749201568219,92.2940236688995,4.0,6.0,1.0409066677093501,0.48591175675392184,59.034997568821105,36700.5707139528,60.0,47.7625,0.9730169177055362
SVN,0.8321589827537539,15.180077222936598,-1.48358844910091,7.5283570351795,9.76381109384379,44.4158218636687,1.0183150768280003,6.66177191299701,1.79,3.57,8.06338948253599,3.2,3.05,12.0,61.6082417872797,49.6634172423681,84.5259702985962,1.03454760796336,82.6853268747383,6.000000000000001,6.0,0.6254753470420841,1.0090670585632298,57.688460637012,38117.436468448,60.0,61.3875,0.9997780919075013
SWE,2.27712059020996,4.20187060876456,0.3854993617074652,5.344559875952506,11.2888434747454,78.5494603604164,1.91103565692902,17.9838317924104,7.19,9.97,18.7485240999425,3.8200000000000003,3.6799999999999997,13.0,55.5652951611499,52.5260878800842,86.5593948957633,4.65422677625606,89.4956202029351,6.000000000000001,7.0,1.9000388383865403,1.9282776117324802,64.301791249552,81977.4772411613,60.0,48.55625,1.6903580427169798
SWZ,-0.2244299054145811,10.6707564994315,3.47975353072715,12.5470058289226,18.1995042467147,108.722923094248,-0.38605770468711886,0.066120343826015,0.02,2.17,7.975970940097521,2.3192527983071325,2.397886828119692,13.0,19.5245471607297,2.23449063412515,21.4069402321856,0.656923130170667,5.40141691195021,7.0,6.0,-0.3034695982933041,-0.53537255525589,47.7032450637046,10762.3595604611,30.0,60.41875,-1.28168439865112
SYC,0.579943299293518,9.00887174900836,3.44550641537784,7.2270968385805,19.0659801609086,93.92011624865178,0.6678130626678471,10.091212418963886,0.14,2.29,1.52856374608826,2.823946892071631,2.724788159345784,12.0,25.77109351226347,17.742342284616363,97.3792832639652,0.289055433298379,78.9998404630475,6.000000000000001,6.0,-0.13128004968166404,0.05819031223654747,60.69626283621951,41678.199856940584,20.0,53.44375,0.05082958936691262
SYR,-1.21936678886414,13.58590502640799,0.4665819940980868,12.580410065627373,15.628763786338578,48.83550758079215,-1.15892338752747,0.0,0.0,2.5170303325894605,8.196370418818331,2.35,2.33,10.0,22.6882301875185,21.5193516960411,29.5572296397513,0.233769382357448,62.21188505781371,4.0,6.0,-1.53074514865875,-1.1284441947937,51.5188892510749,4311.39899532812,50.0,51.41875,-1.8442211151123
TCD,-1.3309965133667,7.37392810431258,2.1111562953167,8.67027122719796,15.2856418325812,48.526835735221304,-1.4862326383590703,0.1312219514493814,0.0,1.3981082958350355,8.182260110291784,1.57,1.86,12.0,15.75258766169229,3.7009601622999164,90.8274225184076,6.913559628434351,48.6288935196045,6.000000000000001,6.0,-1.06983387470245,-1.46390414237976,27.528208864441,4893.71037389395,30.0,43.55625,-1.34274756908417
TGO,-1.00771832466125,7.926168262758892,2.708186554519372,11.16021353639342,16.723646594248233,60.2700319840989,-1.29685842990875,0.171441832195438,0.05,1.6700000000000002,3.8020210112588395,2.46,2.29,12.0,13.135808134439266,10.552845546040096,26.4189404286354,4.87988611154025,56.10064372258369,6.000000000000001,6.0,-0.8554006814956671,-0.948060035705566,52.1384498382369,2397.05836156698,30.0,62.05,-0.9958094358444209
THA,-0.3974040746688841,2.43018679665442,1.5834413824206703,7.806757484695541,11.0389539855282,79.0641367814248,0.1301599144935612,22.97873426814,16.04,11.82,1.01843818710277,3.18,2.96,12.0,59.633508647491105,40.7085043751934,56.486004949619,31.9608815308121,65.1792382495788,6.000000000000001,6.0,0.13722421228885706,-0.17236910760402685,51.1522057089623,12808.2068092195,60.0,58.5125,-0.32114115357399
TJK,-1.28034162521362,5.99506688381505,0.7292558930154691,15.612967217654402,23.2579080044841,51.263912629764036,-0.936370611190796,0.0,0.0,2.245829044319723,2.06356481939716,2.13,2.43,11.0,20.0982657177571,2.9457556017271,21.6303033065435,4.73865737777667,37.2648759481593,4.0,7.0,-1.01184451580048,-1.2076199054718,43.5186695830833,4103.42998124532,60.0,52.55625,-1.42240357398987
TKM,-1.31468987464905,5.772245230619615,2.4459576665215295,13.379393346118906,17.698922273286648,41.07241622208698,-1.12933874130249,5.13305540660937,0.0,2.6819954168450972,8.21077125758697,2.308663742132378,2.075566998751114,10.0,15.16128127943684,15.224342163123483,11.9099221875106,78.6416319795804,44.4139017598384,3.0000000000000004,7.0,-2.11408996582031,-1.3807088136673,24.9186772835219,1716.1110993536122,20.0,35.89375,-2.25042843818665
TLS,-0.743892967700958,13.643056174624858,1.813966866025497,9.830615424229842,14.779746869612293,117.646862584223,-1.19557499885559,4.708382909693913,0.0,0.8534468425439314,10.6145206740304,2.462493498614718,2.295650186125317,12.0,12.03893402264706,10.77923929742816,8.98248771872576,0.24655513956868103,43.7927534015716,6.000000000000001,6.0,-1.02370250225067,-1.14376664161682,69.1261390665029,5030.36369381036,50.0,55.8625,0.09634451568126678
TON,-0.29879519343376193,14.3731796444657,2.92135648548412,16.5560578371966,31.819844470035,50.19461698330618,-0.386265456676483,6.638248556453611,1.06,3.8400000000000003,1.00771333404306,2.1783008217823636,2.133593693260986,12.0,49.5012228496737,1.6103460751940901,95.2405002162343,4.75949978376569,81.8598616664588,6.000000000000001,6.0,-0.645014047622681,-0.023023433983326038,51.8379094160783,14389.9348880002,20.0,52.975,0.33621162176132224
TTO,-0.1823794990777969,5.32419650931664,2.6053731770255597,11.2065653107062,22.3876250006182,80.0744341625239,0.48170799016952476,0.7600766916574861,0.04,2.28,0.733863116686242,2.9376683390858616,2.8404013360821816,12.0,26.0301069168442,39.3785710829701,73.1569033789081,2.54151112599792,58.3104460337804,7.0,5.0,0.24512980878353102,-0.1667151153087622,48.8095089697225,31955.3409059612,40.0,62.44375,0.5011163949966432
TUN,-0.03365795686841015,5.924091765968923,1.2538338862699512,8.700394733302435,15.131457013118442,57.6840695608504,-0.05220288783311844,7.042360308472629,6.7,5.79,7.36518185945618,3.25,3.1199999999999997,12.0,45.2843502365486,26.1477664788262,83.0923759249952,0.7319844684546649,71.1608360900112,6.000000000000001,6.0,-0.242597430944443,-0.163849368691444,57.094700204207804,15003.2991822791,50.0,67.0625,-0.17165222764015187
TUR,0.16134478151798207,2.7433675978872,2.3563610018655705,12.1032143546042,15.1154293022835,57.669834533775,0.4322500228881841,2.15485262575385,1.73,4.18,0.869390219360032,3.54,3.16,11.0,40.2954358234637,29.892700391259,62.73315735556281,2.49012469742528,70.1021326187561,5.0,6.0,0.45098158717155507,-0.03660855442285539,54.0902575185714,30759.965122132795,20.0,70.06875,-0.20693352818489077
TUV,-0.345227032899857,11.855469464492133,1.1611406444774333,9.887703503090453,17.486256190653613,44.6606548927715,-0.69348156452179,6.9318669482786515,0.3884296906389462,0.742951084056465,3.06339434101721,2.5721797899086467,2.365829812543414,12.0,26.45233059986652,17.759488087478953,28.370946288728305,29.0213822814798,79.6875502234508,6.000000000000001,6.0,-1.2315913438796997,0.5597542524337771,60.13211812687399,23636.577452249065,30.0,32.1625,0.6616975069046023
TZA,-0.764619529247284,6.4018854955144,2.9429312369917806,10.0617315052563,16.6984746680942,61.0977029551244,-0.7015606760978699,10.6907625514457,0.14,3.63,1.53967491022626,2.77,2.17,14.0,22.9696130724506,11.4318677717589,39.6983512490908,11.6088352918817,58.7547664377173,7.0,7.0,-0.41014212369918807,-0.537633419036865,40.6114766481977,3019.26206384721,50.0,66.59375,-0.17601367831230208
UGA,-1.00157511234283,4.05584907416988,5.3076009389563685,12.609585095918,18.7854794359996,72.3449224275019,-0.5962153673172,21.8946155610075,6.55,6.630000000000001,3.4956521039686406,2.4039366216337874,2.2461398116066857,13.0,32.9831732129562,11.067156933628,38.1501541945012,1.99543171485715,38.6675903613304,7.0,6.0,-0.262373745441437,-0.35627982020378096,44.4441204774638,4353.18829855758,60.0,66.4125,-0.4935461282730099
UKR,-1.11753916740417,20.3740677541987,0.4814733137308891,12.1090481980515,13.7654668296807,50.3948186913058,-0.5945528149604798,6.471936106538391,1.1,3.7700000000000005,5.98035221150799,3.15,2.41,10.0,44.85940251651369,32.9153827979042,57.9358838458658,4.13944100372378,74.1149009568555,4.0,6.0,-0.554683208465576,-0.8173390030860901,54.4753052575019,4537.51747264245,60.0,65.4625,-0.27954301238059986
URY,1.37811684608459,2.84323148212147,1.8984688866234978,8.17643312169049,12.80289904627451,84.6715963190173,0.41585850715637196,9.90398875283763,0.09,5.62,4.97388471546275,2.98,2.99,12.0,23.355987722073998,15.2889132698096,34.2187248103454,12.7665973483618,31.816477063909097,6.000000000000001,6.0,0.5990890860557561,0.6146886944770811,59.33905194724291,27367.1361695674,60.0,63.925,1.0609667301178
USA,1.40279400348663,3.31729162388854,1.4244442888821904,8.81227893874936,12.6987287083986,48.1745993460508,1.5213223695755003,20.174250704896,9.03,12.81,4.89484858839231,4.11,3.6699999999999995,12.0,62.5332638786654,46.0518622857238,61.42028836011071,10.1458706198177,51.3684553435217,6.000000000000001,6.0,1.29439389705658,1.62034177780151,76.1638003426071,67140.07578690856,60.0,49.425,1.1615869998931898
UZB,-1.31068003177643,3.0532835312323194,1.6190309322515104,10.0320057605494,17.2575012281612,83.1788742118837,-0.926168859004974,12.389963077898713,7.3257575148414515,4.718865016285744,10.4658085042846,2.53,2.25,11.0,36.7353550870319,19.7322339626267,28.2682885833235,34.5368761234998,59.0409676228073,4.0,7.0,-1.5799834728241,-1.29927587509155,39.3875670838463,4864.12898928763,0.0,46.075,-2.0335488319397
VCT,0.9693064689636229,8.222792710780523,1.3242765907397926,8.982970808086412,16.773135463735574,80.0787529814379,0.9370437264442442,0.0507560626146984,2.48,3.2999999999999994,4.82411088280733,2.9180357881494654,2.8855997587514346,12.0,26.185448636414538,21.213128513789428,63.9826405813712,1.2392981937403,82.9153833261158,7.0,5.0,0.34215456247329723,0.9878283143043524,65.9360769280722,16180.8726586762,30.0,53.0125,1.01553082466125
VEN,-1.25829756259918,4.792839827228382,3.1469530316326697,10.868236426817958,16.72663812450563,58.51549971172826,-1.0820962190628103,3.4288930069522228,0.0,6.14,3.5185185185185195,2.57,2.1,12.0,3.77015700993803,34.2824658480257,54.1144325300967,17.2507509486867,49.605992880014206,6.000000000000001,6.0,-1.4448344707489003,-1.71477735042572,42.383466123134966,1676.392673377542,40.0,58.725,-0.9069637060165411
VNM,-0.532105982303619,3.43791016533393,0.7874759252112581,7.97137046755677,12.860246648839498,68.7921596703766,-0.24813559651374809,27.1630278606772,18.24,16.18,8.191034182332244,3.1600000000000006,2.6500000000000004,11.0,43.5814908375431,23.2228500681187,69.097656481372,24.5752007289698,57.5026783244428,5.0,6.0,-0.6766297221183781,-0.5549237728118899,39.1188401087315,5092.21132429276,60.0,66.2625,-1.42006897926331
VUT,0.34424510598182706,7.82678528887575,0.005755201413682079,13.4663580262623,17.481528632292,71.4747118776057,-0.18950527906417802,8.756774884496199,5.345114055463505,5.252088884892024,0.536238052420408,2.784375945616133,2.601069927634346,12.0,28.573520518561352,21.000452652270916,54.537710018837295,45.4622899811627,79.1927530775255,6.000000000000001,6.0,-0.7449237108230589,0.33575543761253396,63.93227287161871,13532.7111520744,30.0,54.9625,0.39567267894744895
WSM,0.14126637578010595,11.81658758988377,0.5223358394709327,8.664051177290577,15.544776680627082,54.5255878892347,0.023977436125278587,0.30125866548095,0.14,2.74,3.70104541325894,2.704997542712919,2.574324886712922,11.0,26.961190583718093,17.602188303731182,96.6825041206971,3.2433506542506905,80.0556254745933,6.000000000000001,5.0,-0.3554577231407169,0.7379927039146419,68.8172629289593,16242.520056092102,50.0,58.1375,0.349973142147064
YEM,-1.25874841213226,2.6638309392118633,2.323232249007638,9.866193993649357,15.206027538176583,20.7519081338205,-1.28172242641449,0.673180049359238,0.01,1.03,20.6130905768914,3.12,2.29,12.0,9.75271959517953,1.97099452720462,19.9806192014786,63.4144287813057,64.3349169205609,6.000000000000001,6.0,-0.698649287223816,-1.27767753601074,39.2612122878001,7394.188170322491,40.0,56.35625,-1.35484611988068
ZAF,-0.184170603752136,4.04289177410579,1.5379029336269805,7.436988725593499,14.0006435291027,67.3664535920078,0.17011530697345692,6.68713620452474,1.18,7.47,3.18772511360907,3.83,3.35,14.0,44.6771792010647,24.4280338173932,47.6450293709878,14.1161457743343,58.3670505839715,7.0,7.0,0.3986616730689999,0.08444415777921664,64.3045111542673,19266.9407980718,60.0,59.55625,0.5821533203125002
ZMB,-0.29144126176834106,8.10539058575299,3.5339395061002605,10.9781597459474,19.4327935853019,82.3917292222191,-0.5094673633575438,4.08749617202127,0.12000000000000001,2.29,2.79423392353226,2.5850199425480875,2.4239747861572725,14.0,17.1630817711462,14.7666469289982,50.9548943975891,19.3319622384503,28.2819956804812,7.0,7.0,-0.44407978653907804,-0.360225439071655,53.193632268128,8197.85398913855,40.0,60.49375,-0.13282656669616694
ZWE,-1.38180339336395,5.281774923111423,3.6105917614263374,11.022423007101835,16.335983523466474,85.5540410691907,-1.37375247478485,6.220814405284091,0.04,3.49,0.676648406870914,2.5,2.31,13.0,15.972655482265099,19.6764230227323,16.4936820601815,2.11271682377792,12.252034416967398,7.0,6.0,-1.8718905448913599,-1.63018405437469,55.0851169445499,8561.704212128918,40.0,49.81875000000001,-1.47196817398071
